<!-- Binary distribution, along with dependency jar files -->
<assembly>
    <id>bin</id>
    <formats>
        <format>tar.gz</format>
        <format>zip</format>
    </formats>
    
    <dependencySets>
        <dependencySet>
            <outputDirectory>/lib</outputDirectory>
            <excludes>
                <exclude>net.shibboleth.idp:idp-attribute-api:*</exclude>
                <exclude>net.shibboleth.idp:idp-attribute-resolver-api:*</exclude>
                <exclude>net.shibboleth.idp:idp-attribute-resolver-impl:*</exclude>
                <exclude>net.shibboleth.idp:idp-attribute-resolver-spring:*</exclude>
            </excludes>
            <includes>
                <include>*:jar:*</include>
            </includes>
            <useTransitiveFiltering>true</useTransitiveFiltering>
        </dependencySet>
    </dependencySets>
    
    <fileSets>
        <!-- Documentation -->
        <fileSet>
            <directory>doc/</directory>
            <outputDirectory>doc</outputDirectory>
        </fileSet>
        <fileSet>
            <directory>target/site/apidocs</directory>
            <outputDirectory>doc/api</outputDirectory>
        </fileSet>
    </fileSets>
    
</assembly>
