<!-- Source distribution -->
<assembly>
    <id>src</id>
    <formats>
        <format>tar.gz</format>
        <format>zip</format>
    </formats>
    
    <dependencySets>
        <dependencySet>
            <outputDirectory>/lib</outputDirectory>
            <excludes>
                <exclude>edu.internet2.middleware:shibboleth:*</exclude>
            </excludes>
            <includes>
                <include>*:jar:*</include>
            </includes>
        </dependencySet>
    </dependencySets>
    
    <fileSets>
        <fileSet>
            <useDefaultExcludes>true</useDefaultExcludes>
            <excludes>
                <exclude>**/target/**</exclude>
                <exclude>**/bin/**</exclude>
                <exclude>**/download/**</exclude>
            </excludes>
        </fileSet>

        <!-- Documentation -->
        <fileSet>
            <directory>doc/</directory>
            <outputDirectory>/doc</outputDirectory>
        </fileSet>
        <fileSet>
            <directory>target/site/apidocs</directory>
            <outputDirectory>/doc/api</outputDirectory>
        </fileSet>
    </fileSets>
    
</assembly>
